subjID,is_control,trial_index,evidence_shape,evidence_catches_fish,input_evidence_response,prediction_shape,prediction_catches_fish,input_prediction_catches_fish,input_prediction_conf
user_1573681812685,False,1,"{'top_shape': 'teardrop', 'top_color': 'red', 'top_texture': True, 'bottom_shape': 'triangle', 'bottom_color': 'yellow', 'bottom_texture': False}",1,It is balanced,"{'top_shape': 'teardrop', 'top_color': 'red', 'top_texture': True, 'bottom_shape': 'diamond', 'bottom_color': 'green', 'bottom_texture': False}",1,1,6
user_1573681812685,False,2,"{'top_shape': 'circle', 'top_color': 'green', 'top_texture': False, 'bottom_shape': 'teardrop', 'bottom_color': 'blue', 'bottom_texture': False}",0,"Bottom, is not pointy plus it the circle is constantly moving.","{'top_shape': 'circle', 'top_color': 'green', 'top_texture': False, 'bottom_shape': 'triangle', 'bottom_color': 'red', 'bottom_texture': False}",1,1,4
user_1573681812685,False,3,"{'top_shape': 'diamond', 'top_color': 'yellow', 'top_texture': False, 'bottom_shape': 'circle', 'bottom_color': 'green', 'bottom_texture': True}",0,the circle doesnt do anything,"{'top_shape': 'triangle', 'top_color': 'yellow', 'top_texture': False, 'bottom_shape': 'circle', 'bottom_color': 'green', 'bottom_texture': True}",0,0,3
user_1573681812685,False,4,"{'top_shape': 'oval', 'top_color': 'blue', 'top_texture': False, 'bottom_shape': 'star', 'bottom_color': 'yellow', 'bottom_texture': True}",1,pointy bottom,"{'top_shape': 'oval', 'top_color': 'blue', 'top_texture': False, 'bottom_shape': 'teardrop', 'bottom_color': 'red', 'bottom_texture': True}",0,0,5
user_1573681812685,False,5,"{'top_shape': 'circle', 'top_color': 'red', 'top_texture': True, 'bottom_shape': 'diamond', 'bottom_color': 'green', 'bottom_texture': True}",1,pointy bottom,"{'top_shape': 'circle', 'top_color': 'red', 'top_texture': True, 'bottom_shape': 'teardrop', 'bottom_color': 'blue', 'bottom_texture': False}",0,0,4
user_1573681812685,False,6,"{'top_shape': 'star', 'top_color': 'blue', 'top_texture': False, 'bottom_shape': 'circle', 'bottom_color': 'red', 'bottom_texture': False}",0,circle bottom doesnt help with anything,"{'top_shape': 'star', 'top_color': 'blue', 'top_texture': False, 'bottom_shape': 'star', 'bottom_color': 'yellow', 'bottom_texture': True}",1,1,3
user_1573681812685,False,7,"{'top_shape': 'diamond', 'top_color': 'yellow', 'top_texture': True, 'bottom_shape': 'diamond', 'bottom_color': 'blue', 'bottom_texture': False}",1,pointy bottom helped ,"{'top_shape': 'star', 'top_color': 'green', 'top_texture': False, 'bottom_shape': 'diamond', 'bottom_color': 'blue', 'bottom_texture': False}",1,1,5
user_1573681812685,False,8,"{'top_shape': 'triangle', 'top_color': 'green', 'top_texture': True, 'bottom_shape': 'oval', 'bottom_color': 'red', 'bottom_texture': True}",0,circular bottom doesnt help with anything,"{'top_shape': 'diamond', 'top_color': 'yellow', 'top_texture': False, 'bottom_shape': 'oval', 'bottom_color': 'red', 'bottom_texture': True}",0,0,5
user_1573678265178,False,1,"{'top_shape': 'teardrop', 'top_color': 'red', 'top_texture': True, 'bottom_shape': 'triangle', 'bottom_color': 'yellow', 'bottom_texture': False}",1,because the lure is very noticeable for the fish to think it's their food.,"{'top_shape': 'teardrop', 'top_color': 'red', 'top_texture': True, 'bottom_shape': 'diamond', 'bottom_color': 'green', 'bottom_texture': False}",1,1,5
user_1573678265178,False,2,"{'top_shape': 'circle', 'top_color': 'green', 'top_texture': False, 'bottom_shape': 'teardrop', 'bottom_color': 'blue', 'bottom_texture': False}",0,"the lure is too round, that the lure couldn't catch the fish even though the fish came around.","{'top_shape': 'circle', 'top_color': 'green', 'top_texture': False, 'bottom_shape': 'triangle', 'bottom_color': 'red', 'bottom_texture': False}",1,1,3
user_1573678265178,False,3,"{'top_shape': 'diamond', 'top_color': 'yellow', 'top_texture': False, 'bottom_shape': 'circle', 'bottom_color': 'green', 'bottom_texture': True}",0,"the yellow is too bright in the water, it's hard for the fish to spot in the water. ","{'top_shape': 'triangle', 'top_color': 'yellow', 'top_texture': False, 'bottom_shape': 'circle', 'bottom_color': 'green', 'bottom_texture': True}",0,0,4
user_1573678265178,False,4,"{'top_shape': 'oval', 'top_color': 'blue', 'top_texture': False, 'bottom_shape': 'star', 'bottom_color': 'yellow', 'bottom_texture': True}",1,the end of the lure is pointy enough to catch the fish,"{'top_shape': 'oval', 'top_color': 'blue', 'top_texture': False, 'bottom_shape': 'teardrop', 'bottom_color': 'red', 'bottom_texture': True}",0,0,4
user_1573678265178,False,5,"{'top_shape': 'circle', 'top_color': 'red', 'top_texture': True, 'bottom_shape': 'diamond', 'bottom_color': 'green', 'bottom_texture': True}",1,the color is bright and has pointy end for it to catch the fish when fish bites.,"{'top_shape': 'circle', 'top_color': 'red', 'top_texture': True, 'bottom_shape': 'teardrop', 'bottom_color': 'blue', 'bottom_texture': False}",0,0,4
user_1573678265178,False,6,"{'top_shape': 'star', 'top_color': 'blue', 'top_texture': False, 'bottom_shape': 'circle', 'bottom_color': 'red', 'bottom_texture': False}",0,the bottom lure is round which can't hook the fish to catch it,"{'top_shape': 'star', 'top_color': 'blue', 'top_texture': False, 'bottom_shape': 'star', 'bottom_color': 'yellow', 'bottom_texture': True}",1,1,6
user_1573678265178,False,7,"{'top_shape': 'diamond', 'top_color': 'yellow', 'top_texture': True, 'bottom_shape': 'diamond', 'bottom_color': 'blue', 'bottom_texture': False}",1,both lure is sharp enough to catch the fish.,"{'top_shape': 'star', 'top_color': 'green', 'top_texture': False, 'bottom_shape': 'diamond', 'bottom_color': 'blue', 'bottom_texture': False}",1,1,6
user_1573678265178,False,8,"{'top_shape': 'triangle', 'top_color': 'green', 'top_texture': True, 'bottom_shape': 'oval', 'bottom_color': 'red', 'bottom_texture': True}",0,"bottom one is too round, no sharp edges for the fish to get stuck.","{'top_shape': 'diamond', 'top_color': 'yellow', 'top_texture': False, 'bottom_shape': 'oval', 'bottom_color': 'red', 'bottom_texture': True}",0,0,4
user_1573681828983,True,1,"{'top_shape': 'teardrop', 'top_color': 'red', 'top_texture': True, 'bottom_shape': 'triangle', 'bottom_color': 'yellow', 'bottom_texture': False}",1,"This lure combination that was used to successfully catch fish has three components: a red tear drop shape, a purple circle inside the teardrop shape, and an upside-down yellow triangle beneath the red teardrop shape. ","{'top_shape': 'teardrop', 'top_color': 'red', 'top_texture': True, 'bottom_shape': 'diamond', 'bottom_color': 'green', 'bottom_texture': False}",1,1,3
user_1573681828983,True,2,"{'top_shape': 'circle', 'top_color': 'green', 'top_texture': False, 'bottom_shape': 'teardrop', 'bottom_color': 'blue', 'bottom_texture': False}",0,This lure combination that did not successfully catch fish has two components: a green circle and a blue teardrop below the green circle ,"{'top_shape': 'circle', 'top_color': 'green', 'top_texture': False, 'bottom_shape': 'triangle', 'bottom_color': 'red', 'bottom_texture': False}",1,0,4
user_1573681828983,True,3,"{'top_shape': 'diamond', 'top_color': 'yellow', 'top_texture': False, 'bottom_shape': 'circle', 'bottom_color': 'green', 'bottom_texture': True}",0,"This lure combination that did not successfully catch fish has three components: a yellow diamond, a green circle below the yellow diamond, and a purple circle inside the green circle ","{'top_shape': 'triangle', 'top_color': 'yellow', 'top_texture': False, 'bottom_shape': 'circle', 'bottom_color': 'green', 'bottom_texture': True}",0,0,5
user_1573681828983,True,4,"{'top_shape': 'oval', 'top_color': 'blue', 'top_texture': False, 'bottom_shape': 'star', 'bottom_color': 'yellow', 'bottom_texture': True}",1,"This lure combination that successfully caught fish has three components: a blue oval, a yellow star under the blue oval. and a purple circle inside the yellow star ","{'top_shape': 'oval', 'top_color': 'blue', 'top_texture': False, 'bottom_shape': 'teardrop', 'bottom_color': 'red', 'bottom_texture': True}",0,0,5
user_1573681828983,True,5,"{'top_shape': 'circle', 'top_color': 'red', 'top_texture': True, 'bottom_shape': 'diamond', 'bottom_color': 'green', 'bottom_texture': True}",1,"This lure combination that successfully caught fish has four components: a red circle, a purple circle inside of the red circle, a green diamond, and a purple circle inside of the green diamond ","{'top_shape': 'circle', 'top_color': 'red', 'top_texture': True, 'bottom_shape': 'teardrop', 'bottom_color': 'blue', 'bottom_texture': False}",0,1,4
user_1573681828983,True,6,"{'top_shape': 'star', 'top_color': 'blue', 'top_texture': False, 'bottom_shape': 'circle', 'bottom_color': 'red', 'bottom_texture': False}",0,"This lure combination that was not successful in catching fish has two components: a blue star, and a red circle ","{'top_shape': 'star', 'top_color': 'blue', 'top_texture': False, 'bottom_shape': 'star', 'bottom_color': 'yellow', 'bottom_texture': True}",1,1,5
user_1573681828983,True,7,"{'top_shape': 'diamond', 'top_color': 'yellow', 'top_texture': True, 'bottom_shape': 'diamond', 'bottom_color': 'blue', 'bottom_texture': False}",1,"This lure combination that was successful in catching fish has three components: a yellow diamond, a purple circle in the yellow diamond, and a blue diamond ","{'top_shape': 'star', 'top_color': 'green', 'top_texture': False, 'bottom_shape': 'diamond', 'bottom_color': 'blue', 'bottom_texture': False}",1,1,5
user_1573681828983,True,8,"{'top_shape': 'triangle', 'top_color': 'green', 'top_texture': True, 'bottom_shape': 'oval', 'bottom_color': 'red', 'bottom_texture': True}",0,"This lure combination that was not successful in catching fish has four components: an upside-down green triangle, a purple circle in the green triangle, a red oval, and a purple circle in the red oval ","{'top_shape': 'diamond', 'top_color': 'yellow', 'top_texture': False, 'bottom_shape': 'oval', 'bottom_color': 'red', 'bottom_texture': True}",0,0,5
user_1573682158469,False,1,"{'top_shape': 'teardrop', 'top_color': 'red', 'top_texture': True, 'bottom_shape': 'triangle', 'bottom_color': 'yellow', 'bottom_texture': False}",1,They caught a fish using this lure combination due to the close resemblance it has to a fish and its vibrant color scheme.,"{'top_shape': 'teardrop', 'top_color': 'red', 'top_texture': True, 'bottom_shape': 'diamond', 'bottom_color': 'green', 'bottom_texture': False}",1,1,3
user_1573682158469,False,2,"{'top_shape': 'circle', 'top_color': 'green', 'top_texture': False, 'bottom_shape': 'teardrop', 'bottom_color': 'blue', 'bottom_texture': False}",0,They didn't catch any fish because the lure combination is uninviting and has no shape or color familiarity that would attract it.,"{'top_shape': 'circle', 'top_color': 'green', 'top_texture': False, 'bottom_shape': 'triangle', 'bottom_color': 'red', 'bottom_texture': False}",1,1,3
user_1573682158469,False,3,"{'top_shape': 'diamond', 'top_color': 'yellow', 'top_texture': False, 'bottom_shape': 'circle', 'bottom_color': 'green', 'bottom_texture': True}",0,They didn't catch any fish because the lure doesn't have a color scheme or shape of familiarity.,"{'top_shape': 'triangle', 'top_color': 'yellow', 'top_texture': False, 'bottom_shape': 'circle', 'bottom_color': 'green', 'bottom_texture': True}",0,0,3
user_1573682158469,False,4,"{'top_shape': 'oval', 'top_color': 'blue', 'top_texture': False, 'bottom_shape': 'star', 'bottom_color': 'yellow', 'bottom_texture': True}",1,"Based off the first lure they used that caught fish, it may be due to the long, round main body and yellow, triangular attachment.","{'top_shape': 'oval', 'top_color': 'blue', 'top_texture': False, 'bottom_shape': 'teardrop', 'bottom_color': 'red', 'bottom_texture': True}",0,0,3
user_1573682158469,False,5,"{'top_shape': 'circle', 'top_color': 'red', 'top_texture': True, 'bottom_shape': 'diamond', 'bottom_color': 'green', 'bottom_texture': True}",1,"Following on the previous observation, it appears the fish are attracted to lures with a color scheme including green, red, and blue. Also they main body of the lure is a round shape, with a triangular attachment.","{'top_shape': 'circle', 'top_color': 'red', 'top_texture': True, 'bottom_shape': 'teardrop', 'bottom_color': 'blue', 'bottom_texture': False}",0,0,4
user_1573682158469,False,6,"{'top_shape': 'star', 'top_color': 'blue', 'top_texture': False, 'bottom_shape': 'circle', 'bottom_color': 'red', 'bottom_texture': False}",0,They did not catch any fish due to the lure having a more triangular body with a round attachment. ,"{'top_shape': 'star', 'top_color': 'blue', 'top_texture': False, 'bottom_shape': 'star', 'bottom_color': 'yellow', 'bottom_texture': True}",1,0,4
user_1573682158469,False,7,"{'top_shape': 'diamond', 'top_color': 'yellow', 'top_texture': True, 'bottom_shape': 'diamond', 'bottom_color': 'blue', 'bottom_texture': False}",1,"They might have caught a fish due to the purple dot located on the lure. The dot may appear as an eye to the fish, so they believe it is safe to approach as they think it is just another fish.","{'top_shape': 'star', 'top_color': 'green', 'top_texture': False, 'bottom_shape': 'diamond', 'bottom_color': 'blue', 'bottom_texture': False}",1,0,5
user_1573682158469,False,8,"{'top_shape': 'triangle', 'top_color': 'green', 'top_texture': True, 'bottom_shape': 'oval', 'bottom_color': 'red', 'bottom_texture': True}",0,"They didn't catch any fish because the lure doesn't share a resemblance with something the fish are familiar with. The triangular, green body most likely appears foreign, and the red attachment doesn't help.","{'top_shape': 'diamond', 'top_color': 'yellow', 'top_texture': False, 'bottom_shape': 'oval', 'bottom_color': 'red', 'bottom_texture': True}",0,1,4
user_1573664448979,False,1,"{'top_shape': 'teardrop', 'top_color': 'red', 'top_texture': True, 'bottom_shape': 'triangle', 'bottom_color': 'yellow', 'bottom_texture': False}",1,because it was the right order for the fish in the lake,"{'top_shape': 'teardrop', 'top_color': 'red', 'top_texture': True, 'bottom_shape': 'diamond', 'bottom_color': 'green', 'bottom_texture': False}",1,0,6
user_1573664448979,False,2,"{'top_shape': 'circle', 'top_color': 'green', 'top_texture': False, 'bottom_shape': 'teardrop', 'bottom_color': 'blue', 'bottom_texture': False}",0,"possibly because it's cool colored, a.k.a blue/green and camoflauges with the lake ","{'top_shape': 'circle', 'top_color': 'green', 'top_texture': False, 'bottom_shape': 'triangle', 'bottom_color': 'red', 'bottom_texture': False}",1,1,3
user_1573664448979,False,3,"{'top_shape': 'diamond', 'top_color': 'yellow', 'top_texture': False, 'bottom_shape': 'circle', 'bottom_color': 'green', 'bottom_texture': True}",0,maybe the fishes don't like green,"{'top_shape': 'triangle', 'top_color': 'yellow', 'top_texture': False, 'bottom_shape': 'circle', 'bottom_color': 'green', 'bottom_texture': True}",0,0,4
user_1573664448979,False,4,"{'top_shape': 'oval', 'top_color': 'blue', 'top_texture': False, 'bottom_shape': 'star', 'bottom_color': 'yellow', 'bottom_texture': True}",1,it doesn't have green on it,"{'top_shape': 'oval', 'top_color': 'blue', 'top_texture': False, 'bottom_shape': 'teardrop', 'bottom_color': 'red', 'bottom_texture': True}",0,1,4
user_1573664448979,False,5,"{'top_shape': 'circle', 'top_color': 'red', 'top_texture': True, 'bottom_shape': 'diamond', 'bottom_color': 'green', 'bottom_texture': True}",1,ok so the fish does like green. i now think it's because the lure combo has a pointed bottom,"{'top_shape': 'circle', 'top_color': 'red', 'top_texture': True, 'bottom_shape': 'teardrop', 'bottom_color': 'blue', 'bottom_texture': False}",0,0,5
user_1573664448979,False,6,"{'top_shape': 'star', 'top_color': 'blue', 'top_texture': False, 'bottom_shape': 'circle', 'bottom_color': 'red', 'bottom_texture': False}",0,the lure doesn't have a pointed bottom,"{'top_shape': 'star', 'top_color': 'blue', 'top_texture': False, 'bottom_shape': 'star', 'bottom_color': 'yellow', 'bottom_texture': True}",1,1,5
user_1573664448979,False,7,"{'top_shape': 'diamond', 'top_color': 'yellow', 'top_texture': True, 'bottom_shape': 'diamond', 'bottom_color': 'blue', 'bottom_texture': False}",1,it has a pointed bottom ,"{'top_shape': 'star', 'top_color': 'green', 'top_texture': False, 'bottom_shape': 'diamond', 'bottom_color': 'blue', 'bottom_texture': False}",1,1,6
user_1573664448979,False,8,"{'top_shape': 'triangle', 'top_color': 'green', 'top_texture': True, 'bottom_shape': 'oval', 'bottom_color': 'red', 'bottom_texture': True}",0,it doesn't have a pointed bottom,"{'top_shape': 'diamond', 'top_color': 'yellow', 'top_texture': False, 'bottom_shape': 'oval', 'bottom_color': 'red', 'bottom_texture': True}",0,0,5
user_1573668338160,True,1,"{'top_shape': 'teardrop', 'top_color': 'red', 'top_texture': True, 'bottom_shape': 'triangle', 'bottom_color': 'yellow', 'bottom_texture': False}",1,"It is a yellow triangle with a red tear drop on it, containing a blue circle. Looks like a pin.","{'top_shape': 'teardrop', 'top_color': 'red', 'top_texture': True, 'bottom_shape': 'diamond', 'bottom_color': 'green', 'bottom_texture': False}",1,0,4
user_1573668338160,True,2,"{'top_shape': 'circle', 'top_color': 'green', 'top_texture': False, 'bottom_shape': 'teardrop', 'bottom_color': 'blue', 'bottom_texture': False}",0,A green circle with a blue tear drop beneath it.,"{'top_shape': 'circle', 'top_color': 'green', 'top_texture': False, 'bottom_shape': 'triangle', 'bottom_color': 'red', 'bottom_texture': False}",1,0,4
user_1573668338160,True,3,"{'top_shape': 'diamond', 'top_color': 'yellow', 'top_texture': False, 'bottom_shape': 'circle', 'bottom_color': 'green', 'bottom_texture': True}",0,A yellow rhombus with a green circle attached to its lower corner. The green circle contains a smaller circle.,"{'top_shape': 'triangle', 'top_color': 'yellow', 'top_texture': False, 'bottom_shape': 'circle', 'bottom_color': 'green', 'bottom_texture': True}",0,0,6
user_1573668338160,True,4,"{'top_shape': 'oval', 'top_color': 'blue', 'top_texture': False, 'bottom_shape': 'star', 'bottom_color': 'yellow', 'bottom_texture': True}",1,An elliptical figure which has a yellow shuriken attached to it in the bottom and this shuriken contains a small blue circle.,"{'top_shape': 'oval', 'top_color': 'blue', 'top_texture': False, 'bottom_shape': 'teardrop', 'bottom_color': 'red', 'bottom_texture': True}",0,0,6
user_1573668338160,True,5,"{'top_shape': 'circle', 'top_color': 'red', 'top_texture': True, 'bottom_shape': 'diamond', 'bottom_color': 'green', 'bottom_texture': True}",1,A red circle with a rhombus at one end. Both the circle and the rhombus contain a smaller blue circle in them. ,"{'top_shape': 'circle', 'top_color': 'red', 'top_texture': True, 'bottom_shape': 'teardrop', 'bottom_color': 'blue', 'bottom_texture': False}",0,0,7
user_1573668338160,True,6,"{'top_shape': 'star', 'top_color': 'blue', 'top_texture': False, 'bottom_shape': 'circle', 'bottom_color': 'red', 'bottom_texture': False}",0,A blue shuriken with a smaller red circle attached to it on one end.,"{'top_shape': 'star', 'top_color': 'blue', 'top_texture': False, 'bottom_shape': 'star', 'bottom_color': 'yellow', 'bottom_texture': True}",1,1,5
user_1573668338160,True,7,"{'top_shape': 'diamond', 'top_color': 'yellow', 'top_texture': True, 'bottom_shape': 'diamond', 'bottom_color': 'blue', 'bottom_texture': False}",1,A larger yellow rhombus with a smaller blue rhombus attached to its lower corner. The yellow rhombus also contains a small blue circle in it.,"{'top_shape': 'star', 'top_color': 'green', 'top_texture': False, 'bottom_shape': 'diamond', 'bottom_color': 'blue', 'bottom_texture': False}",1,1,7
user_1573668338160,True,8,"{'top_shape': 'triangle', 'top_color': 'green', 'top_texture': True, 'bottom_shape': 'oval', 'bottom_color': 'red', 'bottom_texture': True}",0,A green triangle with a blue circle in its top left corner which has a smaller red ellipse also containing a blue dot attached to its lower corner.,"{'top_shape': 'diamond', 'top_color': 'yellow', 'top_texture': False, 'bottom_shape': 'oval', 'bottom_color': 'red', 'bottom_texture': True}",0,0,7
user_1573678369310,True,1,"{'top_shape': 'teardrop', 'top_color': 'red', 'top_texture': True, 'bottom_shape': 'triangle', 'bottom_color': 'yellow', 'bottom_texture': False}",1,a tear drop the color of red with a purple circle on the right. below the tear drop is a small yellow triangle,"{'top_shape': 'teardrop', 'top_color': 'red', 'top_texture': True, 'bottom_shape': 'diamond', 'bottom_color': 'green', 'bottom_texture': False}",1,0,6
user_1573678369310,True,2,"{'top_shape': 'circle', 'top_color': 'green', 'top_texture': False, 'bottom_shape': 'teardrop', 'bottom_color': 'blue', 'bottom_texture': False}",0,a large green circle with a tear drop in a blue color below it ,"{'top_shape': 'circle', 'top_color': 'green', 'top_texture': False, 'bottom_shape': 'triangle', 'bottom_color': 'red', 'bottom_texture': False}",1,0,6
user_1573678369310,True,3,"{'top_shape': 'diamond', 'top_color': 'yellow', 'top_texture': False, 'bottom_shape': 'circle', 'bottom_color': 'green', 'bottom_texture': True}",0,a yellow square tilted like the shape of a diamond. on the bottom point is a small green circle with a purple dot near the bottom of it,"{'top_shape': 'triangle', 'top_color': 'yellow', 'top_texture': False, 'bottom_shape': 'circle', 'bottom_color': 'green', 'bottom_texture': True}",0,0,4
user_1573678369310,True,4,"{'top_shape': 'oval', 'top_color': 'blue', 'top_texture': False, 'bottom_shape': 'star', 'bottom_color': 'yellow', 'bottom_texture': True}",1,a blue oval with a yellow starburst on the bottom of it. this starburst has four corners and on the right side between two corners is a purple dot,"{'top_shape': 'oval', 'top_color': 'blue', 'top_texture': False, 'bottom_shape': 'teardrop', 'bottom_color': 'red', 'bottom_texture': True}",0,0,6
user_1573678369310,True,5,"{'top_shape': 'circle', 'top_color': 'red', 'top_texture': True, 'bottom_shape': 'diamond', 'bottom_color': 'green', 'bottom_texture': True}",1,a large red circle with a really small purple circle almost in the center but a little down and to the bottom right. below it is a green square tilted in a diamond shape. inside the square is a purple dot near the right point of the square,"{'top_shape': 'circle', 'top_color': 'red', 'top_texture': True, 'bottom_shape': 'teardrop', 'bottom_color': 'blue', 'bottom_texture': False}",0,0,7
user_1573678369310,True,6,"{'top_shape': 'star', 'top_color': 'blue', 'top_texture': False, 'bottom_shape': 'circle', 'bottom_color': 'red', 'bottom_texture': False}",0,a blue four cornered starburst with a red circle below it on one of its points,"{'top_shape': 'star', 'top_color': 'blue', 'top_texture': False, 'bottom_shape': 'star', 'bottom_color': 'yellow', 'bottom_texture': True}",1,1,7
user_1573678369310,True,7,"{'top_shape': 'diamond', 'top_color': 'yellow', 'top_texture': True, 'bottom_shape': 'diamond', 'bottom_color': 'blue', 'bottom_texture': False}",1,a yellow square tilted in a diamond shape with a small purple circle closely by the top corner but slightly off to the right. below it is a small blue square also tilted in a diamond shape,"{'top_shape': 'star', 'top_color': 'green', 'top_texture': False, 'bottom_shape': 'diamond', 'bottom_color': 'blue', 'bottom_texture': False}",1,1,7
user_1573678369310,True,8,"{'top_shape': 'triangle', 'top_color': 'green', 'top_texture': True, 'bottom_shape': 'oval', 'bottom_color': 'red', 'bottom_texture': True}",0,a green upside down triangle with a purple circle near the left corner. below it is a red oval with a purple dot on its left side,"{'top_shape': 'diamond', 'top_color': 'yellow', 'top_texture': False, 'bottom_shape': 'oval', 'bottom_color': 'red', 'bottom_texture': True}",0,0,7
user_1573678954991,True,1,"{'top_shape': 'teardrop', 'top_color': 'red', 'top_texture': True, 'bottom_shape': 'triangle', 'bottom_color': 'yellow', 'bottom_texture': False}",1,red raindrop shape with a purple circle on top of a yellow triangle,"{'top_shape': 'teardrop', 'top_color': 'red', 'top_texture': True, 'bottom_shape': 'diamond', 'bottom_color': 'green', 'bottom_texture': False}",1,0,2
user_1573678954991,True,2,"{'top_shape': 'circle', 'top_color': 'green', 'top_texture': False, 'bottom_shape': 'teardrop', 'bottom_color': 'blue', 'bottom_texture': False}",0,green circle on top of a blue raindrop shape,"{'top_shape': 'circle', 'top_color': 'green', 'top_texture': False, 'bottom_shape': 'triangle', 'bottom_color': 'red', 'bottom_texture': False}",1,0,3
user_1573678954991,True,3,"{'top_shape': 'diamond', 'top_color': 'yellow', 'top_texture': False, 'bottom_shape': 'circle', 'bottom_color': 'green', 'bottom_texture': True}",0,bigger yellow diamond on top of a smaller green circle that contains a purple circle within it,"{'top_shape': 'triangle', 'top_color': 'yellow', 'top_texture': False, 'bottom_shape': 'circle', 'bottom_color': 'green', 'bottom_texture': True}",0,1,2
user_1573678954991,True,4,"{'top_shape': 'oval', 'top_color': 'blue', 'top_texture': False, 'bottom_shape': 'star', 'bottom_color': 'yellow', 'bottom_texture': True}",1,bigger blue oval on top of a yellow concave diamond shape that contains a purple circle,"{'top_shape': 'oval', 'top_color': 'blue', 'top_texture': False, 'bottom_shape': 'teardrop', 'bottom_color': 'red', 'bottom_texture': True}",0,1,2
user_1573678954991,True,5,"{'top_shape': 'circle', 'top_color': 'red', 'top_texture': True, 'bottom_shape': 'diamond', 'bottom_color': 'green', 'bottom_texture': True}",1,"bigger red circle on top of a smaller green diamond. both contain a purple circle, but the one in the red circle is bigger","{'top_shape': 'circle', 'top_color': 'red', 'top_texture': True, 'bottom_shape': 'teardrop', 'bottom_color': 'blue', 'bottom_texture': False}",0,0,3
user_1573678954991,True,6,"{'top_shape': 'star', 'top_color': 'blue', 'top_texture': False, 'bottom_shape': 'circle', 'bottom_color': 'red', 'bottom_texture': False}",0,blue 4-point star on top of red circle,"{'top_shape': 'star', 'top_color': 'blue', 'top_texture': False, 'bottom_shape': 'star', 'bottom_color': 'yellow', 'bottom_texture': True}",1,1,2
user_1573678954991,True,7,"{'top_shape': 'diamond', 'top_color': 'yellow', 'top_texture': True, 'bottom_shape': 'diamond', 'bottom_color': 'blue', 'bottom_texture': False}",1,bigger yellow diamond containing purple circle on top of a smaller blue diamond,"{'top_shape': 'star', 'top_color': 'green', 'top_texture': False, 'bottom_shape': 'diamond', 'bottom_color': 'blue', 'bottom_texture': False}",1,0,5
user_1573678954991,True,8,"{'top_shape': 'triangle', 'top_color': 'green', 'top_texture': True, 'bottom_shape': 'oval', 'bottom_color': 'red', 'bottom_texture': True}",0,"bigger green triangle on top of smaller red oval. both contain a purple circle within, but the one in the green triangle is bigger","{'top_shape': 'diamond', 'top_color': 'yellow', 'top_texture': False, 'bottom_shape': 'oval', 'bottom_color': 'red', 'bottom_texture': True}",0,1,4
user_1573683140886,False,1,"{'top_shape': 'teardrop', 'top_color': 'red', 'top_texture': True, 'bottom_shape': 'triangle', 'bottom_color': 'yellow', 'bottom_texture': False}",1,Because it looks like food that fishes would like to eat and also have the smell the fish like.,"{'top_shape': 'teardrop', 'top_color': 'red', 'top_texture': True, 'bottom_shape': 'diamond', 'bottom_color': 'green', 'bottom_texture': False}",1,0,6
user_1573683140886,False,2,"{'top_shape': 'circle', 'top_color': 'green', 'top_texture': False, 'bottom_shape': 'teardrop', 'bottom_color': 'blue', 'bottom_texture': False}",0,"It does not look like something that fish would like to eat. And based on previous observation, we know that what kind of fish lure that can catch fish","{'top_shape': 'circle', 'top_color': 'green', 'top_texture': False, 'bottom_shape': 'triangle', 'bottom_color': 'red', 'bottom_texture': False}",1,1,5
user_1573683140886,False,3,"{'top_shape': 'diamond', 'top_color': 'yellow', 'top_texture': False, 'bottom_shape': 'circle', 'bottom_color': 'green', 'bottom_texture': True}",0,"Based on previous observation, we can see that fish likes the lure combines a large waterdrop shape and a triangles. As a result, the combination of square and circle would not work at all.","{'top_shape': 'triangle', 'top_color': 'yellow', 'top_texture': False, 'bottom_shape': 'circle', 'bottom_color': 'green', 'bottom_texture': True}",0,0,6
user_1573683140886,False,4,"{'top_shape': 'oval', 'top_color': 'blue', 'top_texture': False, 'bottom_shape': 'star', 'bottom_color': 'yellow', 'bottom_texture': True}",1,The blue epllicse looks similar to the waterdrop and it have the yellow bottom part which fish like.,"{'top_shape': 'oval', 'top_color': 'blue', 'top_texture': False, 'bottom_shape': 'teardrop', 'bottom_color': 'red', 'bottom_texture': True}",0,0,7
user_1573683140886,False,5,"{'top_shape': 'circle', 'top_color': 'red', 'top_texture': True, 'bottom_shape': 'diamond', 'bottom_color': 'green', 'bottom_texture': True}",1,It have huge red circle which is similar to the red waterdrop.,"{'top_shape': 'circle', 'top_color': 'red', 'top_texture': True, 'bottom_shape': 'teardrop', 'bottom_color': 'blue', 'bottom_texture': False}",0,1,6
user_1573683140886,False,6,"{'top_shape': 'star', 'top_color': 'blue', 'top_texture': False, 'bottom_shape': 'circle', 'bottom_color': 'red', 'bottom_texture': False}",0,It does not have any spot on the shape which is not attract to the fish from the previous observation.,"{'top_shape': 'star', 'top_color': 'blue', 'top_texture': False, 'bottom_shape': 'star', 'bottom_color': 'yellow', 'bottom_texture': True}",1,1,5
user_1573683140886,False,7,"{'top_shape': 'diamond', 'top_color': 'yellow', 'top_texture': True, 'bottom_shape': 'diamond', 'bottom_color': 'blue', 'bottom_texture': False}",1,It has a spot on the square and also yellow color that fish would like.,"{'top_shape': 'star', 'top_color': 'green', 'top_texture': False, 'bottom_shape': 'diamond', 'bottom_color': 'blue', 'bottom_texture': False}",1,0,7
user_1573683140886,False,8,"{'top_shape': 'triangle', 'top_color': 'green', 'top_texture': True, 'bottom_shape': 'oval', 'bottom_color': 'red', 'bottom_texture': True}",0,The size of the lure is too small for fish. They may not like these kinds of small lure.,"{'top_shape': 'diamond', 'top_color': 'yellow', 'top_texture': False, 'bottom_shape': 'oval', 'bottom_color': 'red', 'bottom_texture': True}",0,1,7
user_1573678145931,False,1,"{'top_shape': 'teardrop', 'top_color': 'red', 'top_texture': True, 'bottom_shape': 'triangle', 'bottom_color': 'yellow', 'bottom_texture': False}",1,Perhaps the friend caught the fish because the bottom part of the lure was colored in such a way that the fish may have been interested in it and was therefore drawn to bite it. ,"{'top_shape': 'teardrop', 'top_color': 'red', 'top_texture': True, 'bottom_shape': 'diamond', 'bottom_color': 'green', 'bottom_texture': False}",1,1,2
user_1573678145931,False,2,"{'top_shape': 'circle', 'top_color': 'green', 'top_texture': False, 'bottom_shape': 'teardrop', 'bottom_color': 'blue', 'bottom_texture': False}",0,Perhaps the top part of the lure being a simple circle rather than a triangle on top of a circle contributes somehow to not being able to catch a fish. Also the color of the bottom part of the lure is blue and therefore maybe it is the same color as water leading to the fish not being drawn to it. ,"{'top_shape': 'circle', 'top_color': 'green', 'top_texture': False, 'bottom_shape': 'triangle', 'bottom_color': 'red', 'bottom_texture': False}",1,0,5
user_1573678145931,False,3,"{'top_shape': 'diamond', 'top_color': 'yellow', 'top_texture': False, 'bottom_shape': 'circle', 'bottom_color': 'green', 'bottom_texture': True}",0,"Maybe the only combination that can catch fish is the combination of 2 colors, red and yellow, which would explain why this combination of green and yellow did not catch any fish. Furthermore, maybe it is that having the color green in the lure leads to no fish being caught. ","{'top_shape': 'triangle', 'top_color': 'yellow', 'top_texture': False, 'bottom_shape': 'circle', 'bottom_color': 'green', 'bottom_texture': True}",0,0,5
user_1573678145931,False,4,"{'top_shape': 'oval', 'top_color': 'blue', 'top_texture': False, 'bottom_shape': 'star', 'bottom_color': 'yellow', 'bottom_texture': True}",1,Having no green in the lure may explain why fish can be caught with the combination of blue and yellow. ,"{'top_shape': 'oval', 'top_color': 'blue', 'top_texture': False, 'bottom_shape': 'teardrop', 'bottom_color': 'red', 'bottom_texture': True}",0,1,6
user_1573678145931,False,5,"{'top_shape': 'circle', 'top_color': 'red', 'top_texture': True, 'bottom_shape': 'diamond', 'bottom_color': 'green', 'bottom_texture': True}",1,"So the previous assumption that green in the lure cannot catch fish is wrong. Maybe then fish can be only caught if the bottom part of the lure has more than 1 side and as the bottom part of this lure has 4 sides, it can catch fish. ","{'top_shape': 'circle', 'top_color': 'red', 'top_texture': True, 'bottom_shape': 'teardrop', 'bottom_color': 'blue', 'bottom_texture': False}",0,0,3
user_1573678145931,False,6,"{'top_shape': 'star', 'top_color': 'blue', 'top_texture': False, 'bottom_shape': 'circle', 'bottom_color': 'red', 'bottom_texture': False}",0,"As the lure on the bottom part is a circle and has no sides, the lure is unable to catch any fish. ","{'top_shape': 'star', 'top_color': 'blue', 'top_texture': False, 'bottom_shape': 'star', 'bottom_color': 'yellow', 'bottom_texture': True}",1,1,6
user_1573678145931,False,7,"{'top_shape': 'diamond', 'top_color': 'yellow', 'top_texture': True, 'bottom_shape': 'diamond', 'bottom_color': 'blue', 'bottom_texture': False}",1,"Again, it is maybe the case that having more than 1 side in the bottom part of the lure makes it so catching fish in the lake is possible. ","{'top_shape': 'star', 'top_color': 'green', 'top_texture': False, 'bottom_shape': 'diamond', 'bottom_color': 'blue', 'bottom_texture': False}",1,1,7
user_1573678145931,False,8,"{'top_shape': 'triangle', 'top_color': 'green', 'top_texture': True, 'bottom_shape': 'oval', 'bottom_color': 'red', 'bottom_texture': True}",0,The bottom part of the lure does not have more than 1 side and therefore cannot catch fish in this particular lake. ,"{'top_shape': 'diamond', 'top_color': 'yellow', 'top_texture': False, 'bottom_shape': 'oval', 'bottom_color': 'red', 'bottom_texture': True}",0,0,7
user_1573664082430,False,1,"{'top_shape': 'teardrop', 'top_color': 'red', 'top_texture': True, 'bottom_shape': 'triangle', 'bottom_color': 'yellow', 'bottom_texture': False}",1,Your friend might have caught a fish with this lure combination because this lure happened to attract this type of fish,"{'top_shape': 'teardrop', 'top_color': 'red', 'top_texture': True, 'bottom_shape': 'diamond', 'bottom_color': 'green', 'bottom_texture': False}",1,0,4
user_1573664082430,False,2,"{'top_shape': 'circle', 'top_color': 'green', 'top_texture': False, 'bottom_shape': 'teardrop', 'bottom_color': 'blue', 'bottom_texture': False}",0,Your friend may not have caught fish with this lure because the shapes of the lure are different from last time.,"{'top_shape': 'circle', 'top_color': 'green', 'top_texture': False, 'bottom_shape': 'triangle', 'bottom_color': 'red', 'bottom_texture': False}",1,1,4
user_1573664082430,False,3,"{'top_shape': 'diamond', 'top_color': 'yellow', 'top_texture': False, 'bottom_shape': 'circle', 'bottom_color': 'green', 'bottom_texture': True}",0,Your friend may not have caught any fish with this lure because the bottom of the lure is not an upside down triangle.,"{'top_shape': 'triangle', 'top_color': 'yellow', 'top_texture': False, 'bottom_shape': 'circle', 'bottom_color': 'green', 'bottom_texture': True}",0,0,4
user_1573664082430,False,4,"{'top_shape': 'oval', 'top_color': 'blue', 'top_texture': False, 'bottom_shape': 'star', 'bottom_color': 'yellow', 'bottom_texture': True}",1,"Your friend may have caught a fish because the bottom of the lure is yellow, like the first lure that caught a fish.","{'top_shape': 'oval', 'top_color': 'blue', 'top_texture': False, 'bottom_shape': 'teardrop', 'bottom_color': 'red', 'bottom_texture': True}",0,0,4
user_1573664082430,False,5,"{'top_shape': 'circle', 'top_color': 'red', 'top_texture': True, 'bottom_shape': 'diamond', 'bottom_color': 'green', 'bottom_texture': True}",1,Your friend might have caught a fish with this lure combination because the top portion of the lure is circular in nature.,"{'top_shape': 'circle', 'top_color': 'red', 'top_texture': True, 'bottom_shape': 'teardrop', 'bottom_color': 'blue', 'bottom_texture': False}",0,1,4
user_1573664082430,False,6,"{'top_shape': 'star', 'top_color': 'blue', 'top_texture': False, 'bottom_shape': 'circle', 'bottom_color': 'red', 'bottom_texture': False}",0,"Your friend did not catch any fish because the top portion of the lure is a four pointed star, compared to being circular.","{'top_shape': 'star', 'top_color': 'blue', 'top_texture': False, 'bottom_shape': 'star', 'bottom_color': 'yellow', 'bottom_texture': True}",1,0,4
user_1573664082430,False,7,"{'top_shape': 'diamond', 'top_color': 'yellow', 'top_texture': True, 'bottom_shape': 'diamond', 'bottom_color': 'blue', 'bottom_texture': False}",1,"Your friend caught a fish with this lure combination because the bottom part of the lure is not circular, or at least has one point. ","{'top_shape': 'star', 'top_color': 'green', 'top_texture': False, 'bottom_shape': 'diamond', 'bottom_color': 'blue', 'bottom_texture': False}",1,1,5
user_1573664082430,False,8,"{'top_shape': 'triangle', 'top_color': 'green', 'top_texture': True, 'bottom_shape': 'oval', 'bottom_color': 'red', 'bottom_texture': True}",0,"Your friend did not catch any fish with this lure because the bottom portion of the lure is circular, compared to the other lures that caught fish having a pointed shape at the bottom of the lure. ","{'top_shape': 'diamond', 'top_color': 'yellow', 'top_texture': False, 'bottom_shape': 'oval', 'bottom_color': 'red', 'bottom_texture': True}",0,0,6
user_1573678642909,True,1,"{'top_shape': 'teardrop', 'top_color': 'red', 'top_texture': True, 'bottom_shape': 'triangle', 'bottom_color': 'yellow', 'bottom_texture': False}",1,upside down orange ice cream cone with a purple circle inside on top of a yellow triangle,"{'top_shape': 'teardrop', 'top_color': 'red', 'top_texture': True, 'bottom_shape': 'diamond', 'bottom_color': 'green', 'bottom_texture': False}",1,1,4
user_1573678642909,True,2,"{'top_shape': 'circle', 'top_color': 'green', 'top_texture': False, 'bottom_shape': 'teardrop', 'bottom_color': 'blue', 'bottom_texture': False}",0,green circle with a blue raindrop below it,"{'top_shape': 'circle', 'top_color': 'green', 'top_texture': False, 'bottom_shape': 'triangle', 'bottom_color': 'red', 'bottom_texture': False}",1,1,4
user_1573678642909,True,3,"{'top_shape': 'diamond', 'top_color': 'yellow', 'top_texture': False, 'bottom_shape': 'circle', 'bottom_color': 'green', 'bottom_texture': True}",0,big yellow diamond on top of a smaller green circle with a tiny purple circle inside,"{'top_shape': 'triangle', 'top_color': 'yellow', 'top_texture': False, 'bottom_shape': 'circle', 'bottom_color': 'green', 'bottom_texture': True}",0,0,4
user_1573678642909,True,4,"{'top_shape': 'oval', 'top_color': 'blue', 'top_texture': False, 'bottom_shape': 'star', 'bottom_color': 'yellow', 'bottom_texture': True}",1,Large blue oval on top of a small yellow diamond with a tiny purple circle inside,"{'top_shape': 'oval', 'top_color': 'blue', 'top_texture': False, 'bottom_shape': 'teardrop', 'bottom_color': 'red', 'bottom_texture': True}",0,1,4
user_1573678642909,True,5,"{'top_shape': 'circle', 'top_color': 'red', 'top_texture': True, 'bottom_shape': 'diamond', 'bottom_color': 'green', 'bottom_texture': True}",1,"big orange circle with a smaller purple circle inside, on top of a small green diamond with a tiny purple circle inside","{'top_shape': 'circle', 'top_color': 'red', 'top_texture': True, 'bottom_shape': 'teardrop', 'bottom_color': 'blue', 'bottom_texture': False}",0,1,4
user_1573678642909,True,6,"{'top_shape': 'star', 'top_color': 'blue', 'top_texture': False, 'bottom_shape': 'circle', 'bottom_color': 'red', 'bottom_texture': False}",0,large blue (4-sided) star on top of a small orange circle ,"{'top_shape': 'star', 'top_color': 'blue', 'top_texture': False, 'bottom_shape': 'star', 'bottom_color': 'yellow', 'bottom_texture': True}",1,0,4
user_1573678642909,True,7,"{'top_shape': 'diamond', 'top_color': 'yellow', 'top_texture': True, 'bottom_shape': 'diamond', 'bottom_color': 'blue', 'bottom_texture': False}",1,"large yellow diamond with a small purple circle inside, on top of a small blue diamond","{'top_shape': 'star', 'top_color': 'green', 'top_texture': False, 'bottom_shape': 'diamond', 'bottom_color': 'blue', 'bottom_texture': False}",1,0,5
user_1573678642909,True,8,"{'top_shape': 'triangle', 'top_color': 'green', 'top_texture': True, 'bottom_shape': 'oval', 'bottom_color': 'red', 'bottom_texture': True}",0,"Large green upside down triangle with a small purple circle inside, on top of a small orange oval with a tiny purple circle inside","{'top_shape': 'diamond', 'top_color': 'yellow', 'top_texture': False, 'bottom_shape': 'oval', 'bottom_color': 'red', 'bottom_texture': True}",0,0,5
user_1573668073513,False,1,"{'top_shape': 'teardrop', 'top_color': 'red', 'top_texture': True, 'bottom_shape': 'triangle', 'bottom_color': 'yellow', 'bottom_texture': False}",1,"The lure is bright and resembles a smaller fish or creature that the fish most likely eats in the lake as the lure has an eye, body, and tail.","{'top_shape': 'teardrop', 'top_color': 'red', 'top_texture': True, 'bottom_shape': 'diamond', 'bottom_color': 'green', 'bottom_texture': False}",1,1,5
user_1573668073513,False,2,"{'top_shape': 'circle', 'top_color': 'green', 'top_texture': False, 'bottom_shape': 'teardrop', 'bottom_color': 'blue', 'bottom_texture': False}",0,The lure does not resemble a fish or creature like the first one does.,"{'top_shape': 'circle', 'top_color': 'green', 'top_texture': False, 'bottom_shape': 'triangle', 'bottom_color': 'red', 'bottom_texture': False}",1,0,5
user_1573668073513,False,3,"{'top_shape': 'diamond', 'top_color': 'yellow', 'top_texture': False, 'bottom_shape': 'circle', 'bottom_color': 'green', 'bottom_texture': True}",0,This lure's prominent square/diamond shape is unlikely to be found in the lake as most fish and other creatures have rounded features. This is not very convincing for the fish.,"{'top_shape': 'triangle', 'top_color': 'yellow', 'top_texture': False, 'bottom_shape': 'circle', 'bottom_color': 'green', 'bottom_texture': True}",0,0,5
user_1573668073513,False,4,"{'top_shape': 'oval', 'top_color': 'blue', 'top_texture': False, 'bottom_shape': 'star', 'bottom_color': 'yellow', 'bottom_texture': True}",1,"This lure resembles a smaller fish or creature. It has a large rounded piece to appear like a body, and a smaller diamond piece to resemble the tail. This is more convincing for the fish.","{'top_shape': 'oval', 'top_color': 'blue', 'top_texture': False, 'bottom_shape': 'teardrop', 'bottom_color': 'red', 'bottom_texture': True}",0,0,3
user_1573668073513,False,5,"{'top_shape': 'circle', 'top_color': 'red', 'top_texture': True, 'bottom_shape': 'diamond', 'bottom_color': 'green', 'bottom_texture': True}",1,This lure has a large rounded piece and a smaller pointed piece to resemble the curvy body and pointy tail of a smaller fish that the fish in the lake eat.,"{'top_shape': 'circle', 'top_color': 'red', 'top_texture': True, 'bottom_shape': 'teardrop', 'bottom_color': 'blue', 'bottom_texture': False}",0,0,4
user_1573668073513,False,6,"{'top_shape': 'star', 'top_color': 'blue', 'top_texture': False, 'bottom_shape': 'circle', 'bottom_color': 'red', 'bottom_texture': False}",0,"This lure has a large sharp and pointy piece and a smaller round piece. Historically, the fish in the lake do not enjoy this lure combination.","{'top_shape': 'star', 'top_color': 'blue', 'top_texture': False, 'bottom_shape': 'star', 'bottom_color': 'yellow', 'bottom_texture': True}",1,0,5
user_1573668073513,False,7,"{'top_shape': 'diamond', 'top_color': 'yellow', 'top_texture': True, 'bottom_shape': 'diamond', 'bottom_color': 'blue', 'bottom_texture': False}",1,This lure consists of two square/diamond pieces. This lure appears to be more convincing shape for the fish than the two rounded piece lure that did not catch any fish. The eyeball helps too.,"{'top_shape': 'star', 'top_color': 'green', 'top_texture': False, 'bottom_shape': 'diamond', 'bottom_color': 'blue', 'bottom_texture': False}",1,1,4
user_1573668073513,False,8,"{'top_shape': 'triangle', 'top_color': 'green', 'top_texture': True, 'bottom_shape': 'oval', 'bottom_color': 'red', 'bottom_texture': True}",0,"This lure consists of a large sharp piece and a smaller rounded piece. Historically, the fish do not like combinations like this.","{'top_shape': 'diamond', 'top_color': 'yellow', 'top_texture': False, 'bottom_shape': 'oval', 'bottom_color': 'red', 'bottom_texture': True}",0,0,5
user_1573668222017,False,1,"{'top_shape': 'teardrop', 'top_color': 'red', 'top_texture': True, 'bottom_shape': 'triangle', 'bottom_color': 'yellow', 'bottom_texture': False}",1,"The lure is big and colorful, making the chances more high for a fish to be attracted and lured to it. ","{'top_shape': 'teardrop', 'top_color': 'red', 'top_texture': True, 'bottom_shape': 'diamond', 'bottom_color': 'green', 'bottom_texture': False}",1,1,3
user_1573668222017,False,2,"{'top_shape': 'circle', 'top_color': 'green', 'top_texture': False, 'bottom_shape': 'teardrop', 'bottom_color': 'blue', 'bottom_texture': False}",0,"The lure could have blended with the water, so it didn't really stand out to the fish. ","{'top_shape': 'circle', 'top_color': 'green', 'top_texture': False, 'bottom_shape': 'triangle', 'bottom_color': 'red', 'bottom_texture': False}",1,1,2
user_1573668222017,False,3,"{'top_shape': 'diamond', 'top_color': 'yellow', 'top_texture': False, 'bottom_shape': 'circle', 'bottom_color': 'green', 'bottom_texture': True}",0,the lure wasn't big enough and the green part maybe resembled things in the water already. ,"{'top_shape': 'triangle', 'top_color': 'yellow', 'top_texture': False, 'bottom_shape': 'circle', 'bottom_color': 'green', 'bottom_texture': True}",0,0,3
user_1573668222017,False,4,"{'top_shape': 'oval', 'top_color': 'blue', 'top_texture': False, 'bottom_shape': 'star', 'bottom_color': 'yellow', 'bottom_texture': True}",1,"The shape is different, it stands out and it's more alluring to the eye. ","{'top_shape': 'oval', 'top_color': 'blue', 'top_texture': False, 'bottom_shape': 'teardrop', 'bottom_color': 'red', 'bottom_texture': True}",0,1,4
user_1573668222017,False,5,"{'top_shape': 'circle', 'top_color': 'red', 'top_texture': True, 'bottom_shape': 'diamond', 'bottom_color': 'green', 'bottom_texture': True}",1,"The colors stand out in the water, it's big enough to see and it's more captivating to grab. ","{'top_shape': 'circle', 'top_color': 'red', 'top_texture': True, 'bottom_shape': 'teardrop', 'bottom_color': 'blue', 'bottom_texture': False}",0,0,3
user_1573668222017,False,6,"{'top_shape': 'star', 'top_color': 'blue', 'top_texture': False, 'bottom_shape': 'circle', 'bottom_color': 'red', 'bottom_texture': False}",0,It was probably not as alluring as the other lure combinations so the fish may not have been interested in it. ,"{'top_shape': 'star', 'top_color': 'blue', 'top_texture': False, 'bottom_shape': 'star', 'bottom_color': 'yellow', 'bottom_texture': True}",1,1,4
user_1573668222017,False,7,"{'top_shape': 'diamond', 'top_color': 'yellow', 'top_texture': True, 'bottom_shape': 'diamond', 'bottom_color': 'blue', 'bottom_texture': False}",1,"This combination stands out in color and shape, making it more attractive to the fish. ","{'top_shape': 'star', 'top_color': 'green', 'top_texture': False, 'bottom_shape': 'diamond', 'bottom_color': 'blue', 'bottom_texture': False}",1,0,4
user_1573668222017,False,8,"{'top_shape': 'triangle', 'top_color': 'green', 'top_texture': True, 'bottom_shape': 'oval', 'bottom_color': 'red', 'bottom_texture': True}",0,Maybe they're not attracted to that color and shape combo. It can also be because they have seen something similar to it. ,"{'top_shape': 'diamond', 'top_color': 'yellow', 'top_texture': False, 'bottom_shape': 'oval', 'bottom_color': 'red', 'bottom_texture': True}",0,1,4
user_1573668320610,True,1,"{'top_shape': 'teardrop', 'top_color': 'red', 'top_texture': True, 'bottom_shape': 'triangle', 'bottom_color': 'yellow', 'bottom_texture': False}",1,red tear drop with purple dot on the top left hand side all above yellow triangle,"{'top_shape': 'teardrop', 'top_color': 'red', 'top_texture': True, 'bottom_shape': 'diamond', 'bottom_color': 'green', 'bottom_texture': False}",1,1,3
user_1573668320610,True,2,"{'top_shape': 'circle', 'top_color': 'green', 'top_texture': False, 'bottom_shape': 'teardrop', 'bottom_color': 'blue', 'bottom_texture': False}",0,green circle above blue teardrop,"{'top_shape': 'circle', 'top_color': 'green', 'top_texture': False, 'bottom_shape': 'triangle', 'bottom_color': 'red', 'bottom_texture': False}",1,1,5
user_1573668320610,True,3,"{'top_shape': 'diamond', 'top_color': 'yellow', 'top_texture': False, 'bottom_shape': 'circle', 'bottom_color': 'green', 'bottom_texture': True}",0,yellow diamond above green circle with purple dot in the bottom right of circle,"{'top_shape': 'triangle', 'top_color': 'yellow', 'top_texture': False, 'bottom_shape': 'circle', 'bottom_color': 'green', 'bottom_texture': True}",0,0,7
user_1573668320610,True,4,"{'top_shape': 'oval', 'top_color': 'blue', 'top_texture': False, 'bottom_shape': 'star', 'bottom_color': 'yellow', 'bottom_texture': True}",1,blue oval vertical above yellow star with purple dot in the center,"{'top_shape': 'oval', 'top_color': 'blue', 'top_texture': False, 'bottom_shape': 'teardrop', 'bottom_color': 'red', 'bottom_texture': True}",0,1,7
user_1573668320610,True,5,"{'top_shape': 'circle', 'top_color': 'red', 'top_texture': True, 'bottom_shape': 'diamond', 'bottom_color': 'green', 'bottom_texture': True}",1,red circle with purple dot in the center above green diamond with purple dot on the right,"{'top_shape': 'circle', 'top_color': 'red', 'top_texture': True, 'bottom_shape': 'teardrop', 'bottom_color': 'blue', 'bottom_texture': False}",0,0,3
user_1573668320610,True,6,"{'top_shape': 'star', 'top_color': 'blue', 'top_texture': False, 'bottom_shape': 'circle', 'bottom_color': 'red', 'bottom_texture': False}",0,blue star above red circle,"{'top_shape': 'star', 'top_color': 'blue', 'top_texture': False, 'bottom_shape': 'star', 'bottom_color': 'yellow', 'bottom_texture': True}",1,0,3
user_1573668320610,True,7,"{'top_shape': 'diamond', 'top_color': 'yellow', 'top_texture': True, 'bottom_shape': 'diamond', 'bottom_color': 'blue', 'bottom_texture': False}",1,yellow diamond with purple dot at the top above blue diamond,"{'top_shape': 'star', 'top_color': 'green', 'top_texture': False, 'bottom_shape': 'diamond', 'bottom_color': 'blue', 'bottom_texture': False}",1,0,5
user_1573668320610,True,8,"{'top_shape': 'triangle', 'top_color': 'green', 'top_texture': True, 'bottom_shape': 'oval', 'bottom_color': 'red', 'bottom_texture': True}",0,green triangle with purple dot at the top right above red oval with purple dot on the left,"{'top_shape': 'diamond', 'top_color': 'yellow', 'top_texture': False, 'bottom_shape': 'oval', 'bottom_color': 'red', 'bottom_texture': True}",0,0,7
user_1573682233340,True,1,"{'top_shape': 'teardrop', 'top_color': 'red', 'top_texture': True, 'bottom_shape': 'triangle', 'bottom_color': 'yellow', 'bottom_texture': False}",1,"a red thing with a little purple inside
","{'top_shape': 'teardrop', 'top_color': 'red', 'top_texture': True, 'bottom_shape': 'diamond', 'bottom_color': 'green', 'bottom_texture': False}",1,1,5
user_1573682233340,True,2,"{'top_shape': 'circle', 'top_color': 'green', 'top_texture': False, 'bottom_shape': 'teardrop', 'bottom_color': 'blue', 'bottom_texture': False}",0,a green thing with some blue at the bottom,"{'top_shape': 'circle', 'top_color': 'green', 'top_texture': False, 'bottom_shape': 'triangle', 'bottom_color': 'red', 'bottom_texture': False}",1,1,4
user_1573682233340,True,3,"{'top_shape': 'diamond', 'top_color': 'yellow', 'top_texture': False, 'bottom_shape': 'circle', 'bottom_color': 'green', 'bottom_texture': True}",0,the yellow square on the top and a green circle with a little purple at the bottom,"{'top_shape': 'triangle', 'top_color': 'yellow', 'top_texture': False, 'bottom_shape': 'circle', 'bottom_color': 'green', 'bottom_texture': True}",0,1,4
user_1573682233340,True,4,"{'top_shape': 'oval', 'top_color': 'blue', 'top_texture': False, 'bottom_shape': 'star', 'bottom_color': 'yellow', 'bottom_texture': True}",1,blue circle on the top and a yellow star with a little purple at the bottom,"{'top_shape': 'oval', 'top_color': 'blue', 'top_texture': False, 'bottom_shape': 'teardrop', 'bottom_color': 'red', 'bottom_texture': True}",0,1,4
user_1573682233340,True,5,"{'top_shape': 'circle', 'top_color': 'red', 'top_texture': True, 'bottom_shape': 'diamond', 'bottom_color': 'green', 'bottom_texture': True}",1,"red circle with a bigger purple on the top
green square with a little purple at the bottom","{'top_shape': 'circle', 'top_color': 'red', 'top_texture': True, 'bottom_shape': 'teardrop', 'bottom_color': 'blue', 'bottom_texture': False}",0,0,4
user_1573682233340,True,6,"{'top_shape': 'star', 'top_color': 'blue', 'top_texture': False, 'bottom_shape': 'circle', 'bottom_color': 'red', 'bottom_texture': False}",0,"blue star on the top
a small red circle at the bottom","{'top_shape': 'star', 'top_color': 'blue', 'top_texture': False, 'bottom_shape': 'star', 'bottom_color': 'yellow', 'bottom_texture': True}",1,0,4
user_1573682233340,True,7,"{'top_shape': 'diamond', 'top_color': 'yellow', 'top_texture': True, 'bottom_shape': 'diamond', 'bottom_color': 'blue', 'bottom_texture': False}",1,"yellow square with a little purple on the top
blue smaller square at the bottom","{'top_shape': 'star', 'top_color': 'green', 'top_texture': False, 'bottom_shape': 'diamond', 'bottom_color': 'blue', 'bottom_texture': False}",1,1,4
user_1573682233340,True,8,"{'top_shape': 'triangle', 'top_color': 'green', 'top_texture': True, 'bottom_shape': 'oval', 'bottom_color': 'red', 'bottom_texture': True}",0,"green triangle with a little purple circle on the top
a red circle with a dot of purple at the bottom","{'top_shape': 'diamond', 'top_color': 'yellow', 'top_texture': False, 'bottom_shape': 'oval', 'bottom_color': 'red', 'bottom_texture': True}",0,1,4
user_1573664238101,True,1,"{'top_shape': 'teardrop', 'top_color': 'red', 'top_texture': True, 'bottom_shape': 'triangle', 'bottom_color': 'yellow', 'bottom_texture': False}",1,Red upside down ice cream cone shape. Purple dot in the middle left of it. Upside down yellow triangle under red.,"{'top_shape': 'teardrop', 'top_color': 'red', 'top_texture': True, 'bottom_shape': 'diamond', 'bottom_color': 'green', 'bottom_texture': False}",1,1,2
user_1573664238101,True,2,"{'top_shape': 'circle', 'top_color': 'green', 'top_texture': False, 'bottom_shape': 'teardrop', 'bottom_color': 'blue', 'bottom_texture': False}",0,Green circle with a blue water drop under it.,"{'top_shape': 'circle', 'top_color': 'green', 'top_texture': False, 'bottom_shape': 'triangle', 'bottom_color': 'red', 'bottom_texture': False}",1,0,2
user_1573664238101,True,3,"{'top_shape': 'diamond', 'top_color': 'yellow', 'top_texture': False, 'bottom_shape': 'circle', 'bottom_color': 'green', 'bottom_texture': True}",0,Yellow symmetrical diamond. Green circle under it. Purple dot in the bottom left of the green circle.,"{'top_shape': 'triangle', 'top_color': 'yellow', 'top_texture': False, 'bottom_shape': 'circle', 'bottom_color': 'green', 'bottom_texture': True}",0,0,2
user_1573664238101,True,4,"{'top_shape': 'oval', 'top_color': 'blue', 'top_texture': False, 'bottom_shape': 'star', 'bottom_color': 'yellow', 'bottom_texture': True}",1,Blue oval with a yellow 4-sided star under it. A purple dot is in the center of the star.,"{'top_shape': 'oval', 'top_color': 'blue', 'top_texture': False, 'bottom_shape': 'teardrop', 'bottom_color': 'red', 'bottom_texture': True}",0,1,3
user_1573664238101,True,5,"{'top_shape': 'circle', 'top_color': 'red', 'top_texture': True, 'bottom_shape': 'diamond', 'bottom_color': 'green', 'bottom_texture': True}",1,Red circle with a purple dot in the middle. A green symmetrical diamond is under it. A purple dot is on the middle right of the diamond.,"{'top_shape': 'circle', 'top_color': 'red', 'top_texture': True, 'bottom_shape': 'teardrop', 'bottom_color': 'blue', 'bottom_texture': False}",0,0,3
user_1573664238101,True,6,"{'top_shape': 'star', 'top_color': 'blue', 'top_texture': False, 'bottom_shape': 'circle', 'bottom_color': 'red', 'bottom_texture': False}",0,4-sided blue star with a red circle under it.,"{'top_shape': 'star', 'top_color': 'blue', 'top_texture': False, 'bottom_shape': 'star', 'bottom_color': 'yellow', 'bottom_texture': True}",1,0,3
user_1573664238101,True,7,"{'top_shape': 'diamond', 'top_color': 'yellow', 'top_texture': True, 'bottom_shape': 'diamond', 'bottom_color': 'blue', 'bottom_texture': False}",1,Symmetrical yellow diamond with a purple dot in it. Blue symmetrical blue diamond under it.,"{'top_shape': 'star', 'top_color': 'green', 'top_texture': False, 'bottom_shape': 'diamond', 'bottom_color': 'blue', 'bottom_texture': False}",1,0,4
user_1573664238101,True,8,"{'top_shape': 'triangle', 'top_color': 'green', 'top_texture': True, 'bottom_shape': 'oval', 'bottom_color': 'red', 'bottom_texture': True}",0,Upside down green triangle with a purple dot in the upper right. A red oval is under it with a purple dot in the middle left.,"{'top_shape': 'diamond', 'top_color': 'yellow', 'top_texture': False, 'bottom_shape': 'oval', 'bottom_color': 'red', 'bottom_texture': True}",0,0,1
